best_model,mean,ci_lower,ci_upper,error
best_model,0.6416517055655296,0.6373907196426166,0.6459126914884427,0.008521971845826037
