best_model,mean,ci_lower,ci_upper,error
best_model,0.6547086991221069,0.6505588039583831,0.6588585942858308,0.008299790327447765
