alpha,mean,ci_lower,ci_upper
0.0001,0.6421903052064631,0.6360344756366673,0.648346134776259
0.001,0.6405146618791143,0.6329419905861841,0.6480873331720446
0.01,0.6426690604428485,0.6377694274166449,0.6475686934690522
0.1,0.6344703770197486,0.628755944701428,0.6401848093380692
1.0,0.6171753441053262,0.5997377921591254,0.6346128960515269
10.0,0.5837223219628964,0.5691205115221765,0.5983241324036164
