learning_rate,mean,ci_lower,ci_upper
0.001,0.6034709754637941,0.5976878243883033,0.609254126539285
0.01,0.638659485338121,0.6316343363126367,0.6456846343636053
0.05,0.6394973070017953,0.6318813311550147,0.6471132828485759
0.1,0.6394973070017953,0.6316807653236063,0.6473138486799843
0.25,0.6360263315380011,0.6273302694657956,0.6447223936102067
0.5,0.6315978456014362,0.6153686044593873,0.647827086743485
