optimizer,mean,ci_lower,ci_upper,error
sgd,0.6416517055655296,0.6373907196426166,0.6459126914884427,0.008521971845826037
adam,0.6384201077199282,0.6304293972061086,0.6464108182337478,0.01598142102763922
