optimizer,mean,ci_lower,ci_upper,error
sgd,2.0990622261761827,2.0715288087268475,2.126595643625518,0.05506683489867026
adam,2.0994326341052565,2.073863968194788,2.125001300015725,0.051137331820936716
